{"cameraMode":{"drawMode":0,"name":"Shaded","section":"Shading Mode"},"sceneLighting":false,"audioPlay":false,"sceneViewState":{"m_AlwaysRefresh":false,"showFog":true,"showSkybox":false,"showFlares":true,"showImageEffects":true,"showParticleSystems":true,"showVisualEffectGraphs":true,"m_FxEnabled":true},"in2DMode":false,"pivot":{"x":3.3542444705963136,"y":-2.977867603302002,"z":-0.5976248979568481},"rotation":{"x":0.16000275313854218,"y":0.03878488391637802,"z":-0.006332333665341139,"w":0.9864331483840942},"size":10.559355735778809,"orthographic":false}